"","ccode","donors","pop","pop.dens","gdp","gdp.lag","health","health.lag","pubhealth","pubtopriv","roads","cerebvas","assault","external","txp.pop","year","decom","corp","cbc","world","opt","consent.law","consent.practice","consistent","oeo","oeo2","proglib.trim","tradcon.trim","proglib.full","tradcon.full","statism","corporate","opt.na","oeo.yn","country"
"1",1,NA,17065,0.220443289300653,16774,16591,1300,1224,4.8,62.5,136.595370641664,682,21,444,0.937591561675945,NA,13,0,0.8,"Liberal","In","Informed","Informed","Yes",1,"None",-0.79,-1.08,-1.27,-1.15,0,0,"In","N","Australia"
"2",1,12.09,17284,0.223272300748461,17171,16774,1379,1300,5.4,66.8,122.251793566304,647,19,425,0.925711640823883,1991,13,0,0.8,"Liberal","In","Informed","Informed","Yes",1,"None",-0.79,-1.08,-1.27,-1.15,0,0,"In","N","Australia"
"3",1,12.35,17495,0.225997969312331,17914,17171,1455,1379,5.4,66.4,112.832237782224,630,17,406,0.914547013432409,1992,13,0,0.8,"Liberal","In","Informed","Informed","Yes",1,"None",-0.79,-1.08,-1.27,-1.15,0,0,"In","N","Australia"
"4",1,12.51,17667,0.228219841317002,18883,17914,1540,1455,5.4,65.9,110.545084055018,611,18,376,0.90564328974925,1993,13,0,0.8,"Liberal","In","Informed","Informed","Yes",1,"None",-0.79,-1.08,-1.27,-1.15,0,0,"In","N","Australia"
"5",1,10.25,17855,0.230648399089549,19849,18883,1626,1540,5.4,65.8,107.980957714926,631,17,387,0.896107532903948,1994,13,0,0.8,"Liberal","In","Informed","Informed","Yes",1,"None",-0.79,-1.08,-1.27,-1.15,0,0,"In","N","Australia"
"6",1,10.18,18072,0.233451574816373,21079,19849,1737,1626,5.5,66.7,111.609119079239,592,16,371,0.885347498893316,1995,13,0,0.8,"Liberal","In","Informed","Informed","Yes",1,"None",-0.79,-1.08,-1.27,-1.15,0,0,"In","N","Australia"
"7",1,10.59,18311,0.236538943474026,21923,21079,1846,1737,5.6,66.1,107.585604281579,576,17,395,0.873791709901152,1996,13,0,0.8,"Liberal","In","Informed","Informed","Yes",1,"None",-0.79,-1.08,-1.27,-1.15,0,0,"In","N","Australia"
"8",1,10.26,18518,0.239212940595927,22961,21923,1948,1846,5.7,67.8,95.4206717788098,525,17,385,0.864024192677395,1997,13,0,0.8,"Liberal","In","Informed","Informed","Yes",1,"None",-0.79,-1.08,-1.27,-1.15,0,0,"In","N","Australia"
"9",1,10.48,18711,0.241706087670936,24148,22961,2077,1948,5.9,68.2,93.7950937950938,516,16,410,0.855111966223077,1998,13,0,0.8,"Liberal","In","Informed","Informed","Yes",1,"None",-0.79,-1.08,-1.27,-1.15,0,0,"In","N","Australia"
"10",1,8.67,18926,0.244483427676774,25445,24148,2231,2077,6.1,69.4,93.2051146570855,493,15,409,0.84539786537039,1999,13,0,0.8,"Liberal","In","Informed","Informed","Yes",1,"None",-0.79,-1.08,-1.27,-1.15,0,0,"In","N","Australia"
"11",1,10.23,19153,0.247415782008521,26545,25445,2379,2231,6.2,68.7,94.8676447553908,474,16,393,0.835378269722759,2000,13,0,0.8,"Liberal","In","Informed","Informed","Yes",1,"None",-0.79,-1.08,-1.27,-1.15,0,0,"In","N","Australia"
"12",1,9.53,19413,0.250774425736512,27461,26545,2504,2379,6.2,68.2,89.4761242466388,449,15,367,0.824189975789419,2001,13,0,0.8,"Liberal","In","Informed","Informed","Yes",1,"None",-0.79,-1.08,-1.27,-1.15,0,0,"In","N","Australia"
"13",1,10.48,19663,0.25400389085958,28168,27461,2629,2504,6.2,68.2,87.2196511213955,424,14,341,0.813711030870162,2002,13,0,0.8,"Liberal","In","Informed","Informed","Yes",1,"None",-0.79,-1.08,-1.27,-1.15,0,0,"In","N","Australia"
"14",1,NA,NA,NA,NA,28168,2754,2629,NA,68.2,NA,NA,NA,NA,NA,NA,13,0,0.8,"Liberal","In","Informed","Informed","Yes",1,"None",-0.79,-1.08,-1.27,-1.15,0,0,"In","N","Australia"
"15",2,NA,7678,9.15573575005962,18914,17425,1344,1255,5.2,73.5,202.917426413128,953,16,614,0.651211252930451,NA,31.1,1,0.71,"Corporatist","Out","Presumed","Presumed","Yes",3,"Eurotrans",-0.31,1.26,0.35,1.44,1,1,"Out","Y","Austria"
"16",2,27.6,7755,9.24755544955879,19860,18914,1419,1344,5.2,73.4,200,942,12,590,0.644745325596389,1991,31.1,1,0.71,"Corporatist","Out","Presumed","Presumed","Yes",3,"Eurotrans",-0.31,1.26,0.35,1.44,1,1,"Out","Y","Austria"
"17",2,23.1,7841,9.35010732172669,20601,19860,1551,1419,5.5,73.5,178.931258768014,880,14,549,0.637673766101263,1992,31.1,1,0.71,"Corporatist","Out","Presumed","Presumed","Yes",3,"Eurotrans",-0.31,1.26,0.35,1.44,1,1,"Out","Y","Austria"
"18",2,26.2,7906,9.42761745766754,21119,20601,1674,1551,5.9,74.2,162.28181128257,828,13,551,0.632431065013913,1993,31.1,1,0.71,"Corporatist","Out","Presumed","Presumed","Yes",3,"Eurotrans",-0.31,1.26,0.35,1.44,1,1,"Out","Y","Austria"
"19",2,21.4,7936,9.46339136656332,21940,21119,1739,1674,5.9,74.4,168.598790322581,803,11,561,0.630040322580645,1994,31.1,1,0.71,"Corporatist","Out","Presumed","Presumed","Yes",3,"Eurotrans",-0.31,1.26,0.35,1.44,1,1,"Out","Y","Austria"
"20",2,21.5,7948,9.47770093012163,22817,21940,1865,1739,5.8,70.9,152.239557121288,774,10,527,0.629089079013588,1995,31.1,1,0.71,"Corporatist","Out","Presumed","Presumed","Yes",3,"Eurotrans",-0.31,1.26,0.35,1.44,1,1,"Out","Y","Austria"
"21",2,24.7,7959,9.49081803005008,23798,22817,1986,1865,5.8,69.7,129.036311094359,801,11,499,0.628219625581103,1996,31.1,1,0.71,"Corporatist","Out","Presumed","Presumed","Yes",3,"Eurotrans",-0.31,1.26,0.35,1.44,1,1,"Out","Y","Austria"
"22",2,19.5,7968,9.50155020271882,24364,23798,1848,1986,5.3,70,138.679718875502,770,9,470,0.627510040160643,1997,31.1,1,0.71,"Corporatist","Out","Presumed","Presumed","Yes",3,"Eurotrans",-0.31,1.26,0.35,1.44,1,1,"Out","Y","Austria"
"23",2,20.7,7977,9.51228237538755,25423,24364,1953,1848,5.4,69.7,120.722075968409,732,11,439,0.626802055910743,1998,31.1,1,0.71,"Corporatist","Out","Presumed","Presumed","Yes",3,"Eurotrans",-0.31,1.26,0.35,1.44,1,1,"Out","Y","Austria"
"24",2,25.9,7992,9.53016932983544,26513,25423,2069,1953,5.4,69.6,135.01001001001,699,8,458,0.625625625625626,1999,31.1,1,0.71,"Corporatist","Out","Presumed","Presumed","Yes",3,"Eurotrans",-0.31,1.26,0.35,1.44,1,1,"Out","Y","Austria"
"25",2,24,8012,9.55401860243263,27738,26513,2147,2069,5.4,69.6,121.817274088867,644,9,460,0.624063904143784,2000,31.1,1,0.71,"Corporatist","Out","Presumed","Presumed","Yes",3,"Eurotrans",-0.31,1.26,0.35,1.44,1,1,"Out","Y","Austria"
"26",2,23.9,8030,9.57548294777009,28457,27738,2174,2147,5.2,68.5,119.302615193026,583,9,429,0.62266500622665,2001,31.1,1,0.71,"Corporatist","Out","Presumed","Presumed","Yes",3,"Eurotrans",-0.31,1.26,0.35,1.44,1,1,"Out","Y","Austria"
"27",2,23.8,8053,9.60290961125686,28842,28457,2220,2174,5.4,69.9,118.713522910717,586,9,442,0.620886626102074,2002,31.1,1,0.71,"Corporatist","Out","Presumed","Presumed","Yes",3,"Eurotrans",-0.31,1.26,0.35,1.44,1,1,"Out","Y","Austria"
"28",2,NA,NA,NA,NA,28842,2266,2220,NA,69.9,NA,NA,NA,NA,NA,NA,31.1,1,0.71,"Corporatist","Out","Presumed","Presumed","Yes",3,"Eurotrans",-0.31,1.26,0.35,1.44,1,1,"Out","Y","Austria"
"29",3,NA,9967,30.1117824773414,18008,16848,1340,1246,NA,NA,198.254238988663,688,13,565,0.802648740844788,NA,32.4,1,0.9,"Corporatist","Out","Presumed","Presumed","No",3,"Eurotrans",0.42,1.29,0.3,1.34,0,0,"Out","Y","Belgium"
"30",3,21,10005,30.226586102719,18796,18008,1460,1340,NA,NA,187.206396801599,662,14,561,0.79960019990005,1991,32.4,1,0.9,"Corporatist","Out","Presumed","Presumed","No",3,"Eurotrans",0.42,1.29,0.3,1.34,0,0,"Out","Y","Belgium"
"31",3,20.6,10045,30.3474320241692,19444,18796,1547,1460,NA,NA,166.450970632155,646,16,547,0.79641612742658,1992,32.4,1,0.9,"Corporatist","Out","Presumed","Presumed","No",3,"Eurotrans",0.42,1.29,0.3,1.34,0,0,"Out","Y","Belgium"
"32",3,21,10085,30.4682779456193,19733,19444,1595,1547,NA,NA,164.600892414477,659,19,574,0.793257312840853,1993,32.4,1,0.9,"Corporatist","Out","Presumed","Presumed","No",3,"Eurotrans",0.42,1.29,0.3,1.34,0,0,"Out","Y","Belgium"
"33",3,22.8,10116,30.5619335347432,20732,19733,1632,1595,6,69.5,167.259786476868,615,17,584,0.790826413602214,1994,32.4,1,0.9,"Corporatist","Out","Presumed","Presumed","No",3,"Eurotrans",0.42,1.29,0.3,1.34,0,0,"Out","Y","Belgium"
"34",3,19.6,10137,30.6253776435045,21679,20732,1882,1632,6,69.5,142.941698727434,586,16,549,0.789188122718753,1995,32.4,1,0.9,"Corporatist","Out","Presumed","Presumed","No",3,"Eurotrans",0.42,1.29,0.3,1.34,0,0,"Out","Y","Belgium"
"35",3,21.2,10157,30.6858006042296,22152,21679,1981,1882,6.4,71.1,133.503987397854,585,19,523,0.78763414394014,1996,32.4,1,0.9,"Corporatist","Out","Presumed","Presumed","No",3,"Eurotrans",0.42,1.29,0.3,1.34,0,0,"Out","Y","Belgium"
"36",3,22.5,10181,30.7583081570997,22936,22152,1967,1981,6,69.8,133.975051566644,574,17,523,0.785777428543365,1997,32.4,1,0.9,"Corporatist","Out","Presumed","Presumed","No",3,"Eurotrans",0.42,1.29,0.3,1.34,0,0,"Out","Y","Belgium"
"37",3,19.4,10203,30.8247734138973,23738,22936,2041,1967,6,70.2,147.015583651867,563,15,523,0.784083112809958,1998,32.4,1,0.9,"Corporatist","Out","Presumed","Presumed","No",3,"Eurotrans",0.42,1.29,0.3,1.34,0,0,"Out","Y","Belgium"
"38",3,25.2,10226,30.8942598187311,24521,23738,2139,2041,6.2,70.6,136.61255622922,552,13,523,0.782319577547428,1999,32.4,1,0.9,"Corporatist","Out","Presumed","Presumed","No",3,"Eurotrans",0.42,1.29,0.3,1.34,0,0,"Out","Y","Belgium"
"39",3,25.6,10251,30.9697885196375,25991,24521,2288,2139,6.2,70.5,143.400643839625,541,11,523,0.780411667154424,2000,32.4,1,0.9,"Corporatist","Out","Presumed","Presumed","No",3,"Eurotrans",0.42,1.29,0.3,1.34,0,0,"Out","Y","Belgium"
"40",3,22.2,10287,31.0785498489426,27113,25991,2441,2288,6.4,71.4,144.454165451541,530,9,523,0.777680567706814,2001,32.4,1,0.9,"Corporatist","Out","Presumed","Presumed","No",3,"Eurotrans",0.42,1.29,0.3,1.34,0,0,"Out","Y","Belgium"
"41",3,21.7,10333,31.2175226586103,27652,27113,2515,2441,6.5,71.2,145.359527726701,519,7,523,0.774218523178167,2002,32.4,1,0.9,"Corporatist","Out","Presumed","Presumed","No",3,"Eurotrans",0.42,1.29,0.3,1.34,0,0,"Out","Y","Belgium"
"42",3,NA,NA,NA,NA,27652,2589,2515,NA,71.2,NA,NA,NA,NA,NA,NA,32.4,1,0.9,"Corporatist","Out","Presumed","Presumed","No",3,"Eurotrans",0.42,1.29,0.3,1.34,0,0,"Out","Y","Belgium"
"43",4,NA,27701,0.277826532178071,19044,18699,1714,1600,6.7,74.5,143.063427313093,476,20,469,1.11909317353164,NA,22,0,0.38,"Liberal","In","Informed","Informed","Yes",2,"None",-0.58,-1.11,-0.35,-0.23,0,0,"In","N","Canada"
"44",4,14.7,28031,0.281136259466572,19101,19044,1855,1714,7.2,74.6,131.639970033178,462,22,463,1.1059184474332,1991,22,0,0.38,"Liberal","In","Informed","Informed","Yes",2,"None",-0.58,-1.11,-0.35,-0.23,0,0,"In","N","Canada"
"45",4,12.6,28377,0.284606458381182,19590,19101,1959,1855,7.4,74.1,123.37456390739,449,20,436,1.09243401346161,1992,22,0,0.38,"Liberal","In","Informed","Informed","Yes",2,"None",-0.58,-1.11,-0.35,-0.23,0,0,"In","N","Canada"
"46",4,14.1,28703,0.287876067763156,20269,19590,2002,1959,7.2,72.7,125.94502316831,463,17,440,1.08002647806849,1993,22,0,0.38,"Liberal","In","Informed","Informed","Yes",2,"None",-0.58,-1.11,-0.35,-0.23,0,0,"In","N","Canada"
"47",4,13.9,29036,0.291215883481552,21428,20269,2039,2002,6.9,72,112.377737980438,444,17,422,1.06764017082243,1994,22,0,0.38,"Liberal","In","Informed","Informed","Yes",2,"None",-0.58,-1.11,-0.35,-0.23,0,0,"In","N","Canada"
"48",4,14.8,29354,0.294405257050471,22292,21428,2044,2039,6.5,71.4,114.158206717994,434,16,424,1.05607412959052,1995,22,0,0.38,"Liberal","In","Informed","Informed","Yes",2,"None",-0.58,-1.11,-0.35,-0.23,0,0,"In","N","Canada"
"49",4,14,29672,0.29759463061939,22764,22292,2039,2044,6.3,70.9,104.172283634403,432,17,417,1.04475599892154,1996,22,0,0.38,"Liberal","In","Informed","Informed","Yes",2,"None",-0.58,-1.11,-0.35,-0.23,0,0,"In","N","Canada"
"50",4,14.2,29987,0.300753915758414,23949,22764,2130,2039,6.2,70.1,102.177610297796,430,14,399,1.03378130523227,1997,22,0,0.38,"Liberal","In","Informed","Informed","Yes",2,"None",-0.58,-1.11,-0.35,-0.23,0,0,"In","N","Canada"
"51",4,13.7,30248,0.303371609159319,25013,23949,2291,2130,6.5,70.6,97.4940491933351,407,15,398,1.02486114784449,1998,22,0,0.38,"Liberal","In","Informed","Informed","Yes",2,"None",-0.58,-1.11,-0.35,-0.23,0,0,"In","N","Canada"
"52",4,13.8,30499,0.305889007793906,26658,25013,2400,2291,6.3,70.3,97.8720613790616,387,15,411,1.01642676809076,1999,22,0,0.38,"Liberal","In","Informed","Informed","Yes",2,"None",-0.58,-1.11,-0.35,-0.23,0,0,"In","N","Canada"
"53",4,15.3,30770,0.30860699596113,28472,26658,2541,2400,6.3,70.4,95.0926226844329,378,15,382,1.00747481312967,2000,22,0,0.38,"Liberal","In","Informed","Informed","Yes",2,"None",-0.58,-1.11,-0.35,-0.23,0,0,"In","N","Canada"
"54",4,13.5,31111,0.312027047492581,29235,28472,2743,2541,6.6,70.1,89.2931760470573,369,15,353,0.99643213011475,2001,22,0,0.38,"Liberal","In","Informed","Informed","Yes",2,"None",-0.58,-1.11,-0.35,-0.23,0,0,"In","N","Canada"
"55",4,13,31414,0.315065978912022,30429,29235,2931,2743,6.7,69.9,83.7206341121793,360,15,324,0.986821162538995,2002,22,0,0.38,"Liberal","In","Informed","Informed","Yes",2,"None",-0.58,-1.11,-0.35,-0.23,0,0,"In","N","Canada"
"56",4,NA,NA,NA,NA,30429,3119,2931,NA,69.8,NA,NA,NA,NA,NA,NA,22,0,0.38,"Liberal","In","Informed","Informed","Yes",2,"None",-0.58,-1.11,-0.35,-0.23,0,0,"In","N","Canada"
"57",5,NA,5141,11.9308424228359,18285,17460,1554,1506,7,82.7,123.322310834468,699,10,582,0.778058743435129,NA,38.1,1,0.74,"SocDem","In","Informed","Informed","Yes",10,"Scandiatrans",1.44,-1.02,1.46,-0.82,0,1,"In","Y","Denmark"
"58",5,11.7,5154,11.9610118356927,19126,18285,1603,1554,7,83.5,117.578579743888,688,13,572,0.776096235933256,1991,38.1,1,0.74,"SocDem","In","Informed","Informed","Yes",10,"Scandiatrans",1.44,-1.02,1.46,-0.82,0,1,"In","Y","Denmark"
"59",5,16.1,5171,12.0004641448132,19644,19126,1660,1603,7,83.2,111.58383291433,691,13,565,0.7735447689035,1992,38.1,1,0.74,"SocDem","In","Informed","Informed","Yes",10,"Scandiatrans",1.44,-1.02,1.46,-0.82,0,1,"In","Y","Denmark"
"60",5,14.7,5189,12.0422371779995,20056,19644,1757,1660,7.2,82.7,107.727885912507,714,12,574,0.770861437656581,1993,38.1,1,0.74,"SocDem","In","Informed","Informed","Yes",10,"Scandiatrans",1.44,-1.02,1.46,-0.82,0,1,"In","Y","Denmark"
"61",5,12.9,5206,12.08168948712,21494,20056,1834,1757,7,82.2,104.878985785632,646,13,548,0.768344218209758,1994,38.1,1,0.74,"SocDem","In","Informed","Informed","Yes",10,"Scandiatrans",1.44,-1.02,1.46,-0.82,0,1,"In","Y","Denmark"
"62",5,12.9,5233,12.1443490368995,22462,21494,1843,1834,6.8,82.5,111.217274985668,655,11,535,0.764379896808714,1995,38.1,1,0.74,"SocDem","In","Informed","Informed","Yes",10,"Scandiatrans",1.44,-1.02,1.46,-0.82,0,1,"In","Y","Denmark"
"63",5,14,5263,12.2139707588768,23548,22462,1949,1843,6.8,82.4,97.6629298878966,650,11,499,0.760022800684021,1996,38.1,1,0.74,"SocDem","In","Informed","Informed","Yes",10,"Scandiatrans",1.44,-1.02,1.46,-0.82,0,1,"In","Y","Denmark"
"64",5,11.4,5285,12.2650266883268,24676,23548,2028,1949,6.8,82.3,92.5260170293283,606,11,506,0.75685903500473,1997,38.1,1,0.74,"SocDem","In","Informed","Informed","Yes",10,"Scandiatrans",1.44,-1.02,1.46,-0.82,0,1,"In","Y","Denmark"
"65",5,11,5304,12.309120445579,25537,24676,2141,2028,6.9,82,94.079939668175,580,9,482,0.754147812971342,1998,38.1,1,0.74,"SocDem","In","Informed","Informed","Yes",10,"Scandiatrans",1.44,-1.02,1.46,-0.82,0,1,"In","Y","Denmark"
"66",5,14.3,5322,12.3508934787654,26985,25537,2297,2141,7,82.2,96.5802329951146,588,11,495,0.751597143930853,1999,38.1,1,0.74,"SocDem","In","Informed","Informed","Yes",10,"Scandiatrans",1.44,-1.02,1.46,-0.82,0,1,"In","Y","Denmark"
"67",5,12.5,5340,12.3926665119517,28146,26985,2351,2297,6.9,82.5,97.5655430711611,596,13,508,0.749063670411985,2000,38.1,1,0.74,"SocDem","In","Informed","Informed","Yes",10,"Scandiatrans",1.44,-1.02,1.46,-0.82,0,1,"In","Y","Denmark"
"68",5,12.9,5359,12.436760269204,29203,28146,2523,2353,7.1,82.6,80.4254525097966,604,15,521,0.746407911923866,2001,38.1,1,0.74,"SocDem","In","Informed","Informed","Yes",10,"Scandiatrans",1.44,-1.02,1.46,-0.82,0,1,"In","Y","Denmark"
"69",5,12.7,5376,12.4762125783244,29228,29203,2580,2520,7.3,83.1,86.1235119047619,612,17,534,0.744047619047619,2002,38.1,1,0.74,"SocDem","In","Informed","Informed","Yes",10,"Scandiatrans",1.44,-1.02,1.46,-0.82,0,1,"In","Y","Denmark"
"70",5,NA,NA,NA,NA,29228,2637,2583,NA,83.1,NA,NA,NA,NA,NA,NA,38.1,1,0.74,"SocDem","In","Informed","Informed","Yes",10,"Scandiatrans",1.44,-1.02,1.46,-0.82,0,1,"In","Y","Denmark"
"71",6,NA,4986,1.47449356794322,18025,17436,1414,1268,6.3,80.9,130.16446048937,957,30,853,0.601684717208183,NA,29.2,1,0.95,"SocDem",NA,"Presumed","Informed","No",10,"Scandiatrans",0.55,0.28,0.52,0.53,0,1,NA,"Y","Finland"
"72",6,16.8,5014,1.48277391690078,17281,18025,1547,1414,7.3,81.1,126.047068209015,939,28,823,0.598324690865576,1991,29.2,1,0.95,"SocDem",NA,"Presumed","Informed","No",10,"Scandiatrans",0.55,0.28,0.52,0.53,0,1,NA,"Y","Finland"
"73",6,19.4,5042,1.49105426585835,16943,17281,1542,1547,7.2,79.6,119.198730662436,886,32,792,0.595001983339944,1992,29.2,1,0.95,"SocDem",NA,"Presumed","Informed","No",10,"Scandiatrans",0.55,0.28,0.52,0.53,0,1,NA,"Y","Finland"
"74",6,19.6,5066,1.49815170782197,17082,16943,1421,1542,6.3,76.1,95.5388866956178,932,31,741,0.592183181997631,1993,29.2,1,0.95,"SocDem",NA,"Presumed","Informed","No",10,"Scandiatrans",0.55,0.28,0.52,0.53,0,1,NA,"Y","Finland"
"75",6,20,5088,1.50465769628863,17993,17082,1390,1421,5.8,75.5,94.3396226415094,830,29,738,0.589622641509434,1994,29.2,1,0.95,"SocDem",NA,"Presumed","Informed","No",10,"Scandiatrans",0.55,0.28,0.52,0.53,0,1,NA,"Y","Finland"
"76",6,19.4,5108,1.51057223125832,19031,17993,1428,1390,5.7,75.6,86.335160532498,875,28,737,0.587314017227878,1995,29.2,1,0.95,"SocDem",NA,"Presumed","Informed","No",10,"Scandiatrans",0.55,0.28,0.52,0.53,0,1,NA,"Y","Finland"
"77",6,19.5,5125,1.51559958598255,19842,19031,1517,1428,5.8,75.8,78.8292682926829,736,32,686,0.585365853658537,1996,29.2,1,0.95,"SocDem",NA,"Presumed","Informed","No",10,"Scandiatrans",0.55,0.28,0.52,0.53,0,1,NA,"Y","Finland"
"78",6,16.3,5140,1.52003548720982,21691,19842,1580,1517,5.5,76.1,85.2140077821012,721,25,701,0.583657587548638,1997,29.2,1,0.95,"SocDem",NA,"Presumed","Informed","No",10,"Scandiatrans",0.55,0.28,0.52,0.53,0,1,NA,"Y","Finland"
"79",6,19.8,5154,1.5241756616886,23267,21691,1607,1580,5.3,76.3,77.6096235933256,670,22,686,0.582072176949942,1998,29.2,1,0.95,"SocDem",NA,"Presumed","Informed","No",10,"Scandiatrans",0.55,0.28,0.52,0.53,0,1,NA,"Y","Finland"
"80",6,16.5,5166,1.52772438267041,23702,23267,1641,1607,5.2,75.3,83.4301200154859,652,24,673,0.580720092915215,1999,29.2,1,0.95,"SocDem",NA,"Presumed","Informed","No",10,"Scandiatrans",0.55,0.28,0.52,0.53,0,1,NA,"Y","Finland"
"81",6,19.9,5176,1.53068165015526,25397,23702,1698,1641,5,75.1,76.5069551777434,639,25,657,0.579598145285935,2000,29.2,1,0.95,"SocDem",NA,"Presumed","Informed","No",10,"Scandiatrans",0.55,0.28,0.52,0.53,0,1,NA,"Y","Finland"
"82",6,17,5188,1.53423037113707,26376,25397,1841,1698,5.3,75.5,83.4618350038551,604,26,660,0.578257517347726,2001,29.2,1,0.95,"SocDem",NA,"Presumed","Informed","No",10,"Scandiatrans",0.55,0.28,0.52,0.53,0,1,NA,"Y","Finland"
"83",6,17.1,5201,1.53807481886737,26616,26376,1943,1841,5.5,75.7,79.7923476254566,587,25,638,0.576812151509325,2002,29.2,1,0.95,"SocDem",NA,"Presumed","Informed","No",10,"Scandiatrans",0.55,0.28,0.52,0.53,0,1,NA,"Y","Finland"
"84",6,NA,NA,NA,NA,26616,2045,1943,NA,75.7,NA,NA,NA,NA,NA,NA,29.2,1,0.95,"SocDem",NA,"Presumed","Informed","No",10,"Scandiatrans",0.55,0.28,0.52,0.53,0,1,NA,"Y","Finland"
"85",7,NA,56709,10.2826835902085,18162,17113,1555,1555,6.6,76.6,197.764023347264,529,10,689,0.722989296231639,NA,27.5,0,0.92,"Corporatist","Out","Presumed","Informed","No",4,"None",-0.06,1.77,0.21,1.1,1,0,"Out","N","France"
"86",7,19.1,56976,10.3310970081596,18989,18162,1668,1555,6.7,76.3,183.989750070205,520,10,668,0.719601235607975,1991,27.5,0,0.92,"Corporatist","Out","Presumed","Informed","No",4,"None",-0.06,1.77,0.21,1.1,1,0,"Out","N","France"
"87",7,16.8,57240,10.3789664551224,19566,18989,1769,1668,6.9,76.6,172.955974842767,487,10,650,0.716282320055905,1992,27.5,0,0.92,"Corporatist","Out","Presumed","Informed","No",4,"None",-0.06,1.77,0.21,1.1,1,0,"Out","N","France"
"88",7,17.1,57467,10.4201269265639,19763,19566,1866,1769,7.2,76.5,171.69854003167,473,11,645,0.713452938208015,1993,27.5,0,0.92,"Corporatist","Out","Presumed","Informed","No",4,"None",-0.06,1.77,0.21,1.1,1,0,"Out","N","France"
"89",7,15.4,57659,10.4549410698096,20655,19763,1937,1866,7.1,76,156.419639605265,437,11,615,0.711077195234049,1994,27.5,0,0.92,"Corporatist","Out","Presumed","Informed","No",4,"None",-0.06,1.77,0.21,1.1,1,0,"Out","N","France"
"90",7,15.1,57844,10.4884859474161,21283,20655,2025,1937,7.3,76.3,153.706520987484,431,10,602,0.708802987345273,1995,27.5,0,0.92,"Corporatist","Out","Presumed","Informed","No",4,"None",-0.06,1.77,0.21,1.1,1,0,"Out","N","France"
"91",7,15.1,58026,10.5214868540345,21990,21283,2091,2025,7.2,76.1,147.192637783063,424,10,580,0.706579809051115,1996,27.5,0,0.92,"Corporatist","Out","Presumed","Informed","No",4,"None",-0.06,1.77,0.21,1.1,1,0,"Out","N","France"
"92",7,15,58208,10.5544877606528,23113,21990,2163,2091,7.1,76.2,145.065970313359,409,9,571,0.704370533260033,1997,27.5,0,0.92,"Corporatist","Out","Presumed","Informed","No",4,"None",-0.06,1.77,0.21,1.1,1,0,"Out","N","France"
"93",7,16.5,58398,10.588939256573,24044,23113,2231,2163,7.1,76,152.710709270865,405,7,581,0.702078838316381,1998,27.5,0,0.92,"Corporatist","Out","Presumed","Informed","No",4,"None",-0.06,1.77,0.21,1.1,1,0,"Out","N","France"
"94",7,16.2,58623,10.629737080689,24856,24044,2306,2231,7.1,76,144.772529553247,394,7,572,0.699384200740324,1999,27.5,0,0.92,"Corporatist","Out","Presumed","Informed","No",4,"None",-0.06,1.77,0.21,1.1,1,0,"Out","N","France"
"95",7,17,58896,10.6792384406165,25928,24856,2416,2306,7.1,75.8,137.174001629992,383,7,563,0.69614235262157,2000,27.5,0,0.92,"Corporatist","Out","Presumed","Informed","No",4,"None",-0.06,1.77,0.21,1.1,1,0,"Out","N","France"
"96",7,17.8,59192,10.7329102447869,27394,25928,2588,2416,7.2,75.9,137.856467090147,372,7,554,0.692661170428436,2001,27.5,0,0.92,"Corporatist","Out","Presumed","Informed","No",4,"None",-0.06,1.77,0.21,1.1,1,0,"Out","N","France"
"97",7,20,59486,10.7862194016319,28094,27394,2736,2588,7.4,76,128.685741182799,361,7,545,0.689237803853007,2002,27.5,0,0.92,"Corporatist","Out","Presumed","Informed","No",4,"None",-0.06,1.77,0.21,1.1,1,0,"Out","N","France"
"98",7,NA,NA,NA,NA,28094,2884,2760,NA,76,NA,NA,NA,NA,NA,NA,27.5,0,0.92,"Corporatist","Out","Presumed","Informed","No",4,"None",-0.06,1.77,0.21,1.1,1,0,"Out","N","France"
"99",8,NA,63254,17.7167184830406,20359,19015,1729,1630,6.5,76.2,174.629272457078,846,10,477,0.695608182881715,NA,27.7,1,0.76,"Corporatist","In","Informed","Informed","Yes",3,"Eurotrans",-0.04,1.39,0.1,1.42,1,1,"In","Y","Germany"
"100",8,13.3,80014,22.411001876593,17511,20359,1845.5,1729,7.25,78.55,141.225285575024,880,11,480,0.549903766840803,1991,27.7,1,0.76,"Corporatist","In","Informed","Informed","Yes",3,"Eurotrans",-0.04,1.39,0.1,1.42,1,1,"In","Y","Germany"
"101",8,14.2,80625,22.5821359549618,19811,17511,1962,1845.5,8,80.9,131.857364341085,834,11,456,0.545736434108527,1992,27.7,1,0.76,"Corporatist","In","Informed","Informed","Yes",3,"Eurotrans",-0.04,1.39,0.1,1.42,1,1,"In","Y","Germany"
"102",8,13.9,81156,22.7308629526931,19983,19811,1988,1962,8,80.2,122.591059194637,817,11,432,0.542165705554734,1993,27.7,1,0.76,"Corporatist","In","Informed","Informed","Yes",3,"Eurotrans",-0.04,1.39,0.1,1.42,1,1,"In","Y","Germany"
"103",8,12.3,81438,22.8098479119402,20690,19983,2106,1988,8.2,80.2,120.508853360839,791,11,417,0.540288317493062,1994,27.7,1,0.76,"Corporatist","In","Informed","Informed","Yes",3,"Eurotrans",-0.04,1.39,0.1,1.42,1,1,"In","Y","Germany"
"104",8,12.8,81678,22.8770691538526,21411,20690,2263,2106,8.5,80.5,115.747202429051,753,11,399,0.538700751732413,1995,27.7,1,0.76,"Corporatist","In","Informed","Informed","Yes",3,"Eurotrans",-0.04,1.39,0.1,1.42,1,1,"In","Y","Germany"
"105",8,12.7,81915,22.9434501302412,22164,21411,2410,2263,8.8,80.6,106.915705304279,725,11,385,0.537142159555637,1996,27.7,1,0.76,"Corporatist","In","Informed","Informed","Yes",3,"Eurotrans",-0.04,1.39,0.1,1.42,1,1,"In","Y","Germany"
"106",8,13.2,82035,22.9770607511974,22589,22164,2416,2410,8.5,79.1,104.211616992747,679,9,370,0.536356433229719,1997,27.7,1,0.76,"Corporatist","In","Informed","Informed","Yes",3,"Eurotrans",-0.04,1.39,0.1,1.42,1,1,"In","Y","Germany"
"107",8,13.4,82047,22.980421813293,23283,22589,2470,2416,8.3,78.6,94.9699562445915,650,9,345,0.536277987007447,1998,27.7,1,0.76,"Corporatist","In","Informed","Informed","Yes",3,"Eurotrans",-0.04,1.39,0.1,1.42,1,1,"In","Y","Germany"
"108",8,13.2,82100,22.9952665042153,24100,23283,2563,2470,8.4,78.6,94.6650426309379,608,9,339,0.535931790499391,1999,27.7,1,0.76,"Corporatist","In","Informed","Informed","Yes",3,"Eurotrans",-0.04,1.39,0.1,1.42,1,1,"In","Y","Germany"
"109",8,12.5,82212,23.0266364171078,24942,24100,2640,2563,8.3,78.8,91.2640490439352,558,7,338,0.535201673721598,2000,27.7,1,0.76,"Corporatist","In","Informed","Informed","Yes",3,"Eurotrans",-0.04,1.39,0.1,1.42,1,1,"In","Y","Germany"
"110",8,12.8,82350,23.0652886312075,25436,24942,2735,2640,8.5,78.6,84.7237401335762,535,7,329,0.534304796599879,2001,27.7,1,0.76,"Corporatist","In","Informed","Informed","Yes",3,"Eurotrans",-0.04,1.39,0.1,1.42,1,1,"In","Y","Germany"
"111",8,12.2,82489,23.1042209338151,25843,25436,2830,2735,8.6,78.5,82.9443925856781,512,7,320,0.53340445392719,2002,27.7,1,0.76,"Corporatist","In","Informed","Informed","Yes",3,"Eurotrans",-0.04,1.39,0.1,1.42,1,1,"In","Y","Germany"
"112",8,NA,NA,NA,NA,25843,2925,2830,NA,78.5,NA,NA,NA,NA,NA,NA,27.7,1,0.76,"Corporatist","In","Informed","Informed","Yes",3,"Eurotrans",-0.04,1.39,0.1,1.42,1,1,"In","Y","Germany"
"113",9,NA,56719,18.8222605694564,17430,16525,1397,1274,6.4,79.3,125.83085033234,886,25,422,0.458400183360073,NA,24.1,0,0.529,"Corporatist","In","Presumed","Informed","No",7,"None",-0.91,1.21,-0.52,1.1,1,0,"In","N","Italy"
"114",9,5.2,56751,18.8328798035442,18209,17430,1520,1397,6.6,79.2,142.429208295889,876,27,435,0.458141706754066,1991,24.1,0,0.529,"Corporatist","In","Presumed","Informed","No",7,"None",-0.91,1.21,-0.52,1.1,1,0,"In","N","Italy"
"115",9,5.8,56859,18.8687197185903,18883,18209,1584,1520,6.5,77.1,140.945145007826,832,21,419,0.457271496157161,1992,24.1,0,0.529,"Corporatist","In","Presumed","Informed","No",7,"None",-0.91,1.21,-0.52,1.1,1,0,"In","N","Italy"
"116",9,6.2,57049,18.9317714209863,19124,18883,1554,1584,6.2,76.7,125.558730214377,821,16,396,0.455748567021333,1993,24.1,0,0.529,"Corporatist","In","Presumed","Informed","No",7,"None",-0.91,1.21,-0.52,1.1,1,0,"In","N","Italy"
"117",9,7.9,57204,18.9832083360988,19903,19124,1557,1554,5.9,74.9,123.959862946647,791,15,381,0.454513670372701,1994,24.1,0,0.529,"Corporatist","In","Presumed","Informed","No",7,"None",-0.91,1.21,-0.52,1.1,1,0,"In","N","Italy"
"118",9,10.1,57301,19.0153978894272,20652,19903,1524,1557,5.3,72.2,122.510950943265,715,14,376,0.453744262752832,1995,24.1,0,0.529,"Corporatist","In","Presumed","Informed","No",7,"None",-0.91,1.21,-0.52,1.1,1,0,"In","N","Italy"
"119",9,11,57397,19.0472555916904,21396,20652,1605,1524,5.4,71.8,116.312699269997,670,14,366,0.452985347666254,1996,24.1,0,0.529,"Corporatist","In","Presumed","Informed","No",7,"None",-0.91,1.21,-0.52,1.1,1,0,"In","N","Italy"
"120",9,11.6,57512,19.0854184641933,22030,21396,1705,1605,5.6,72.2,116.706078731395,669,12,365,0.452079566003617,1997,24.1,0,0.529,"Corporatist","In","Presumed","Informed","No",7,"None",-0.91,1.21,-0.52,1.1,1,0,"In","N","Italy"
"121",9,12.3,57588,19.1106391451517,23291,22030,1800,1705,5.6,71.8,109.640897409182,670,12,359,0.451482947836355,1998,24.1,0,0.529,"Corporatist","In","Presumed","Informed","No",7,"None",-0.91,1.21,-0.52,1.1,1,0,"In","N","Italy"
"122",9,13.7,57646,19.1298865069357,23729,23291,1853,1800,5.6,72.3,115.064358324949,627,11,343,0.451028692363737,1999,24.1,0,0.529,"Corporatist","In","Presumed","Informed","No",7,"None",-0.91,1.21,-0.52,1.1,1,0,"In","N","Italy"
"123",9,14.2,57762,19.1683812305038,24629,23729,2001,1853,6,73.7,110.972611751671,597,10,327,0.450122918181503,2000,24.1,0,0.529,"Corporatist","In","Presumed","Informed","No",7,"None",-0.91,1.21,-0.52,1.1,1,0,"In","N","Italy"
"124",9,17.1,57894,19.2121855711157,25359,24629,2107,2001,6.3,76,115.417832590597,567,9,311,0.449096624866135,2001,24.1,0,0.529,"Corporatist","In","Presumed","Informed","No",7,"None",-0.91,1.21,-0.52,1.1,1,0,"In","N","Italy"
"125",9,18.1,57994,19.2453706776399,25569,25359,2166,2107,6.4,75.6,119.908956098907,537,8,295,0.448322240231748,2002,24.1,0,0.529,"Corporatist","In","Presumed","Informed","No",7,"None",-0.91,1.21,-0.52,1.1,1,0,"In","N","Italy"
"126",9,NA,NA,NA,NA,25569,2225,2166,NA,75.3,NA,NA,NA,NA,NA,NA,24.1,0,0.529,"Corporatist","In","Presumed","Informed","No",7,"None",-0.91,1.21,-0.52,1.1,1,0,"In","N","Italy"
"127",10,NA,3514,5.00071154119824,12917,11434,791,727,4.4,71.9,136.027319294252,825,7,432,0.853727945361411,NA,23.3,0,0.4646,"Liberal","In","Informed","Informed","Yes",13,"UKtrans",-0.06,-0.07,-0.45,0.09,0,0,"In","Y","Ireland"
"128",10,19,3534,5.02917318912765,13495,12917,884,791,4.8,73,125.919637804188,807,6,410,0.848896434634975,1991,23.3,0,0.4646,"Liberal","In","Informed","Informed","Yes",13,"UKtrans",-0.06,-0.07,-0.45,0.09,0,0,"In","Y","Ireland"
"129",10,19.5,3558,5.06332716664295,14241,13495,1005,884,5,71.5,116.63856098932,787,8,379,0.843170320404722,1992,23.3,0,0.4646,"Liberal","In","Informed","Informed","Yes",13,"UKtrans",-0.06,-0.07,-0.45,0.09,0,0,"In","Y","Ireland"
"130",10,17.1,3576,5.08894264977942,14927,14241,1041,1005,5.1,73.3,120.525727069351,802,7,374,0.838926174496644,1993,23.3,0,0.4646,"Liberal","In","Informed","Informed","Yes",13,"UKtrans",-0.06,-0.07,-0.45,0.09,0,0,"In","Y","Ireland"
"131",10,20.3,3590,5.10886580333001,15990,14927,1119,1041,5,71.9,112.534818941504,749,7,392,0.835654596100278,1994,23.3,0,0.4646,"Liberal","In","Informed","Informed","Yes",13,"UKtrans",-0.06,-0.07,-0.45,0.09,0,0,"In","Y","Ireland"
"132",10,24.6,3609,5.13590436886296,17789,15990,1208,1119,4.9,71.6,121.086173455251,733,8,387,0.831255195344971,1995,23.3,0,0.4646,"Liberal","In","Informed","Informed","Yes",13,"UKtrans",-0.06,-0.07,-0.45,0.09,0,0,"In","Y","Ireland"
"133",10,16.8,3636,5.17432759356767,19245,17789,1269,1208,4.7,71.4,124.587458745875,719,9,391,0.825082508250825,1996,23.3,0,0.4646,"Liberal","In","Informed","Informed","Yes",13,"UKtrans",-0.06,-0.07,-0.45,0.09,0,0,"In","Y","Ireland"
"134",10,20.9,3673,5.22698164223709,22017,19245,1417,1269,4.8,74.6,128.777566022325,665,8,394,0.81677103185407,1997,23.3,0,0.4646,"Liberal","In","Informed","Informed","Yes",13,"UKtrans",-0.06,-0.07,-0.45,0.09,0,0,"In","Y","Ireland"
"135",10,23.8,3715,5.28675110288886,23995,22017,1487,1417,4.7,76.5,123.28398384926,614,11,417,0.807537012113055,1998,23.3,0,0.4646,"Liberal","In","Informed","Informed","Yes",13,"UKtrans",-0.06,-0.07,-0.45,0.09,0,0,"In","Y","Ireland"
"136",10,18.7,3756,5.34509748114416,25936,23995,1623,1487,4.6,72.8,110.223642172524,663,10,409,0.798722044728434,1999,23.3,0,0.4646,"Liberal","In","Informed","Informed","Yes",13,"UKtrans",-0.06,-0.07,-0.45,0.09,0,0,"In","Y","Ireland"
"137",10,17.6,3801,5.40913618898534,27891,25936,1774,1623,4.7,73.3,109.181794264667,631,10,394,0.789265982636148,2000,23.3,0,0.4646,"Liberal","In","Informed","Informed","Yes",13,"UKtrans",-0.06,-0.07,-0.45,0.09,0,0,"In","Y","Ireland"
"138",10,18.2,3863,5.49736729756653,29703,27891,2059,1774,5.2,75.6,106.652860471136,599,10,379,0.776598498576236,2001,23.3,0,0.4646,"Liberal","In","Informed","Informed","Yes",13,"UKtrans",-0.06,-0.07,-0.45,0.09,0,0,"In","Y","Ireland"
"139",10,21,3932,5.59555998292301,32571,29703,2367,2059,5.5,75.2,95.6256358087487,567,10,364,0.762970498474059,2002,23.3,0,0.4646,"Liberal","In","Informed","Informed","Yes",13,"UKtrans",-0.06,-0.07,-0.45,0.09,0,0,"In","Y","Ireland"
"140",10,NA,NA,NA,NA,32571,2675,2367,NA,75.2,NA,NA,NA,NA,NA,NA,23.3,0,0.4646,"Liberal","In","Informed","Informed","Yes",13,"UKtrans",-0.06,-0.07,-0.45,0.09,0,0,"In","Y","Ireland"
"141",12,NA,14952,36.0028894774862,17707,16580,1419,1320,5.4,67.1,92.027822364901,649,9,310,0.735687533440342,NA,32.4,1,0.6,"SocDem","In","Informed","Informed","Yes",3,"Eurotrans",-0.11,0.57,0.06,0.37,0,0,"In","Y","Netherlands"
"142",12,14.9,15070,36.2870214302914,18708,17707,1532,1419,5.7,69,85.0033178500332,651,11,314,0.72992700729927,1991,32.4,1,0.6,"SocDem","In","Informed","Informed","Yes",3,"Eurotrans",-0.11,0.57,0.06,0.37,0,0,"In","Y","Netherlands"
"143",12,15.1,15184,36.561521791476,19285,18708,1623,1532,6.1,72.8,82.5210748155954,650,12,309,0.724446786090622,1992,32.4,1,0.6,"SocDem","In","Informed","Informed","Yes",3,"Eurotrans",-0.11,0.57,0.06,0.37,0,0,"In","Y","Netherlands"
"144",12,15.4,15290,36.8167589694197,19856,19285,1700,1623,6.3,73.6,80.7717462393721,638,12,295,0.719424460431655,1993,32.4,1,0.6,"SocDem","In","Informed","Informed","Yes",3,"Eurotrans",-0.11,0.57,0.06,0.37,0,0,"In","Y","Netherlands"
"145",12,13.1,15383,37.0406934745967,20768,19856,1745,1700,6.1,72.9,84.3788597802769,616,10,294,0.715075082883703,1994,32.4,1,0.6,"SocDem","In","Informed","Informed","Yes",3,"Eurotrans",-0.11,0.57,0.06,0.37,0,0,"In","Y","Netherlands"
"146",12,15.2,15459,37.2236937153865,21723,20768,1827,1745,6,71,86.2927744356039,594,12,286,0.711559609289087,1995,32.4,1,0.6,"SocDem","In","Informed","Informed","Yes",3,"Eurotrans",-0.11,0.57,0.06,0.37,0,0,"In","Y","Netherlands"
"147",12,15.1,15531,37.3970623645557,22541,21723,1878,1827,5.5,66.2,75.9770781018608,577,13,293,0.708260897559719,1996,32.4,1,0.6,"SocDem","In","Informed","Informed","Yes",3,"Eurotrans",-0.11,0.57,0.06,0.37,0,0,"In","Y","Netherlands"
"148",12,14.4,15611,37.5896941969661,23753,22541,1936,1878,5.5,67.8,74.4987508807892,563,13,282,0.704631349689322,1997,32.4,1,0.6,"SocDem","In","Informed","Informed","Yes",3,"Eurotrans",-0.11,0.57,0.06,0.37,0,0,"In","Y","Netherlands"
"149",12,13,15707,37.8208523958584,24780,23753,2016,1936,5.5,67.8,67.8678296301012,552,11,265,0.700324695995416,1998,32.4,1,0.6,"SocDem","In","Informed","Informed","Yes",3,"Eurotrans",-0.11,0.57,0.06,0.37,0,0,"In","Y","Netherlands"
"150",12,10.9,15812,38.0736816758969,25438,24780,2098,2016,5.5,67.8,68.9349860865166,557,12,276,0.695674171515305,1999,32.4,1,0.6,"SocDem","In","Informed","Informed","Yes",3,"Eurotrans",-0.11,0.57,0.06,0.37,0,0,"In","Y","Netherlands"
"151",12,12.6,15926,38.3481820370816,26873,25438,2196,2098,5.5,67.8,67.939218887354,538,11,270,0.690694461886224,2000,32.4,1,0.6,"SocDem","In","Informed","Informed","Yes",3,"Eurotrans",-0.11,0.57,0.06,0.37,0,0,"In","Y","Netherlands"
"152",12,11.6,16046,38.6371297856971,28756,26873,2455,2196,5.5,67.8,61.8845818272467,519,10,264,0.685529103826499,2001,32.4,1,0.6,"SocDem","In","Informed","Informed","Yes",3,"Eurotrans",-0.11,0.57,0.06,0.37,0,0,"In","Y","Netherlands"
"153",12,12.6,16149,38.8851432699254,28983,28756,2643,2455,5.5,67.8,61.1183355006502,500,9,258,0.681156727970772,2002,32.4,1,0.6,"SocDem","In","Informed","Informed","Yes",3,"Eurotrans",-0.11,0.57,0.06,0.37,0,0,"In","Y","Netherlands"
"154",12,NA,NA,NA,NA,28983,2831,2643,NA,67.8,NA,NA,NA,NA,NA,NA,32.4,1,0.6,"SocDem","In","Informed","Informed","Yes",3,"Eurotrans",-0.11,0.57,0.06,0.37,0,0,"In","Y","Netherlands"
"155",13,NA,4242,1.30974434975917,17905,16942,1385,1297,6.4,82.8,78.2649693540783,816,11,518,0.235737859500236,NA,38.3,1,0.75,"SocDem","Out","Presumed","Informed","No",10,"Scandiatrans",1.24,-0.1,1.43,0,0,1,"Out","Y","Norway"
"156",13,15.2,4262,1.31591947634927,19134,17905,1542,1385,6.8,84.5,75.7860159549507,758,14,482,0.234631628343501,1991,38.3,1,0.75,"SocDem","Out","Presumed","Informed","No",10,"Scandiatrans",1.24,-0.1,1.43,0,0,1,"Out","Y","Norway"
"157",13,14.3,4286,1.32332962825738,20128,19134,1643,1542,6.9,84.8,75.8282781147923,760,11,463,0.233317778814746,1992,38.3,1,0.75,"SocDem","Out","Presumed","Informed","No",10,"Scandiatrans",1.24,-0.1,1.43,0,0,1,"Out","Y","Norway"
"158",13,17.1,4312,1.3313572928245,21047,20128,1688,1643,6.8,84.6,65.1669758812616,767,10,442,0.23191094619666,1993,38.3,1,0.75,"SocDem","Out","Presumed","Informed","No",10,"Scandiatrans",1.24,-0.1,1.43,0,0,1,"Out","Y","Norway"
"159",13,16,4337,1.33907620106212,22503,21047,1777,1688,6.7,84.6,65.252478671893,696,7,405,0.230574129582661,1994,38.3,1,0.75,"SocDem","Out","Presumed","Informed","No",10,"Scandiatrans",1.24,-0.1,1.43,0,0,1,"Out","Y","Norway"
"160",13,15.7,4359,1.34586884031123,23868,22503,1892,1777,6.7,84.2,69.9701766460197,668,10,412,0.229410415232852,1995,38.3,1,0.75,"SocDem","Out","Presumed","Informed","No",10,"Scandiatrans",1.24,-0.1,1.43,0,0,1,"Out","Y","Norway"
"161",13,15.1,4381,1.35266147956033,26218,23868,2064,1892,6.6,84.2,58.2058890664232,689,10,394,0.228258388495777,1996,38.3,1,0.75,"SocDem","Out","Presumed","Informed","No",10,"Scandiatrans",1.24,-0.1,1.43,0,0,1,"Out","Y","Norway"
"162",13,15.1,4405,1.36007163146845,27784,26218,2179,2064,6.6,84.3,68.7854710556186,646,9,406,0.227014755959137,1997,38.3,1,0.75,"SocDem","Out","Presumed","Informed","No",10,"Scandiatrans",1.24,-0.1,1.43,0,0,1,"Out","Y","Norway"
"163",13,15.6,4432,1.36840805236507,27323,27784,2314,2179,7.2,84.7,79.4223826714802,639,10,408,0.225631768953069,1998,38.3,1,0.75,"SocDem","Out","Presumed","Informed","No",10,"Scandiatrans",1.24,-0.1,1.43,0,0,1,"Out","Y","Norway"
"164",13,15.5,4462,1.37767074225022,30005,27323,2561,2314,7.3,85.2,68.1308830121022,593,8,424,0.224114746750336,1999,38.3,1,0.75,"SocDem","Out","Presumed","Informed","No",10,"Scandiatrans",1.24,-0.1,1.43,0,0,1,"Out","Y","Norway"
"165",13,17.6,4491,1.38662467580585,35829,30005,2747,2561,6.5,85,75.9296370518815,554,12,412,0.222667557336896,2000,38.3,1,0.75,"SocDem","Out","Presumed","Informed","No",10,"Scandiatrans",1.24,-0.1,1.43,0,0,1,"Out","Y","Norway"
"166",13,14.4,4514,1.39372607138446,36554,35829,2946,2747,6.9,85.2,60.9215773150199,523,8,383,0.221533008418254,2001,38.3,1,0.75,"SocDem","Out","Presumed","Informed","No",10,"Scandiatrans",1.24,-0.1,1.43,0,0,1,"Out","Y","Norway"
"167",13,13.7,4538,1.40113622329258,35531,36554,3083,3258,7.4,85.3,68.3120317320406,492,4,354,0.220361392684002,2002,38.3,1,0.75,"SocDem","Out","Presumed","Informed","No",10,"Scandiatrans",1.24,-0.1,1.43,0,0,1,"Out","Y","Norway"
"168",13,NA,NA,NA,NA,35531,3220,3409,NA,85.5,NA,NA,NA,NA,NA,NA,38.3,1,0.75,"SocDem","Out","Presumed","Informed","No",10,"Scandiatrans",1.24,-0.1,1.43,0,0,1,"Out","Y","Norway"
"169",14,NA,38850,7.67801735212158,12971,12051,865,759,5.3,78.7,232.483912483912,862,9,453,0.720720720720721,NA,NA,NA,NA,NA,"Out","Presumed","Informed","No",11,"None",NA,NA,NA,NA,1,0,"Out","N","Spain"
"170",14,20.2,38920,7.6918516176209,13754,12971,946,865,5.3,77.5,227.029804727646,856,9,441,0.719424460431655,1991,NA,NA,NA,NA,"Out","Presumed","Informed","No",11,"None",NA,NA,NA,NA,1,0,"Out","N","Spain"
"171",14,21.7,39011,7.70983616277001,14331,13754,1035,946,5.6,77.4,200.405013970419,786,8,405,0.71774627669119,1992,NA,NA,NA,NA,"Out","Presumed","Informed","No",11,"None",NA,NA,NA,NA,1,0,"Out","N","Spain"
"172",14,22.6,39096,7.72663491373347,14359,14331,1084,1035,5.8,76.6,163.085737671373,752,9,381,0.716185799058727,1993,NA,NA,NA,NA,"Out","Presumed","Informed","No",11,"None",NA,NA,NA,NA,1,0,"Out","N","Spain"
"173",14,25,39166,7.74046917923279,15024,14359,1116,1084,5.6,75.5,143.338610018894,719,8,368,0.714905785630394,1994,NA,NA,NA,NA,"Out","Presumed","Informed","No",11,"None",NA,NA,NA,NA,1,0,"Out","N","Spain"
"174",14,27,39223,7.75173422399652,15720,15024,1195,1116,5.5,72.2,146.57216429136,681,8,367,0.713866863829896,1995,NA,NA,NA,NA,"Out","Presumed","Informed","No",11,"None",NA,NA,NA,NA,1,0,"Out","N","Spain"
"175",14,26.8,39279,7.76280163639598,16416,15720,1250,1195,5.5,72.4,139.565671223809,644,8,362,0.712849105119784,1996,NA,NA,NA,NA,"Out","Presumed","Informed","No",11,"None",NA,NA,NA,NA,1,0,"Out","N","Spain"
"176",14,29,39348,7.77643826953102,17203,16416,1287,1250,5.4,72.5,142.421469960354,609,8,361,0.711599064755515,1997,NA,NA,NA,NA,"Out","Presumed","Informed","No",11,"None",NA,NA,NA,NA,1,0,"Out","N","Spain"
"177",14,31.5,39453,7.79718966778,18332,17203,1371,1287,5.4,72.2,150.989785314171,597,8,366,0.70970521886802,1998,NA,NA,NA,NA,"Out","Presumed","Informed","No",11,"None",NA,NA,NA,NA,1,0,"Out","N","Spain"
"178",14,33.4,39626,7.83138006679974,19546,18332,1467,1371,5.4,72,144.803916620401,587,8,351,0.706606773330641,1999,NA,NA,NA,NA,"Out","Presumed","Informed","No",11,"None",NA,NA,NA,NA,1,0,"Out","N","Spain"
"179",14,33.9,40614,8.0266408427044,20017,19546,1493,1467,5.3,71.5,142.2169695179,530,9,349,0.689417442261289,2000,NA,NA,NA,NA,"Out","Presumed","Informed","No",11,"None",NA,NA,NA,NA,1,0,"Out","N","Spain"
"180",14,32.5,41201,8.1426510405344,20864,20017,1567,1493,5.4,71.3,133.880245625106,473,10,347,0.679595155457392,2001,NA,NA,NA,NA,"Out","Presumed","Informed","No",11,"None",NA,NA,NA,NA,1,0,"Out","N","Spain"
"181",14,33.7,41874,8.27565762169213,21592,20864,1646,1567,5.4,71.4,127.692601614367,416,11,345,0.668672684720829,2002,NA,NA,NA,NA,"Out","Presumed","Informed","No",11,"None",NA,NA,NA,NA,1,0,"Out","N","Spain"
"182",14,NA,NA,NA,NA,21592,1725,1646,NA,71.4,NA,NA,NA,NA,NA,NA,NA,NA,NA,NA,"Out","Presumed","Informed","No",11,"None",NA,NA,NA,NA,1,0,"Out","N","Spain"
"183",15,NA,8559,1.90216908169615,18660,17915,1566,1497,7.5,89.9,99.0769949760486,669,12,468,0.701016473887136,NA,39.1,1,0.83,"SocDem","Out","Presumed","Informed","No",10,"Scandiatrans",2.57,-0.58,2.27,-1.29,0,1,"Out","Y","Sweden"
"184",15,16.4,8617,1.9150591163659,19000,18660,1552,1566,7.2,88.2,89.5903446675177,670,14,454,0.696298015550656,1991,39.1,1,0.83,"SocDem","Out","Presumed","Informed","No",10,"Scandiatrans",2.57,-0.58,2.27,-1.29,0,1,"Out","Y","Sweden"
"185",15,14.9,8668,1.9263934571962,19116,19000,1594,1552,7.3,87.2,85.9483156437471,648,13,419,0.692201199815413,1992,39.1,1,0.83,"SocDem","Out","Presumed","Informed","No",10,"Scandiatrans",2.57,-0.58,2.27,-1.29,0,1,"Out","Y","Sweden"
"186",15,15.2,8719,1.93772779802649,19063,19116,1637,1594,7.5,87.4,87.0512673471729,632,12,407,0.688152311044845,1993,39.1,1,0.83,"SocDem","Out","Presumed","Informed","No",10,"Scandiatrans",2.57,-0.58,2.27,-1.29,0,1,"Out","Y","Sweden"
"187",15,12.8,8781,1.9515068006045,20132,19063,1648,1637,7.1,87.1,71.9735793189842,605,12,421,0.683293474547318,1994,39.1,1,0.83,"SocDem","Out","Presumed","Informed","No",10,"Scandiatrans",2.57,-0.58,2.27,-1.29,0,1,"Out","Y","Sweden"
"188",15,13,8827,1.96172993154947,21290,20132,1733,1648,7.1,86.6,66.7270873456441,587,10,379,0.679732638495525,1995,39.1,1,0.83,"SocDem","Out","Presumed","Informed","No",10,"Scandiatrans",2.57,-0.58,2.27,-1.29,0,1,"Out","Y","Sweden"
"189",15,11.9,8841,1.96484131922838,22029,21290,1845,1733,7.3,86.9,64.6985635109151,585,12,363,0.678656260604004,1996,39.1,1,0.83,"SocDem","Out","Presumed","Informed","No",10,"Scandiatrans",2.57,-0.58,2.27,-1.29,0,1,"Out","Y","Sweden"
"190",15,12.6,8846,1.9659525291137,22756,22029,1870,1845,7.1,85.8,60.705403572236,591,10,366,0.678272665611576,1997,39.1,1,0.83,"SocDem","Out","Presumed","Informed","No",10,"Scandiatrans",2.57,-0.58,2.27,-1.29,0,1,"Out","Y","Sweden"
"191",15,14.6,8851,1.96706373899902,23525,22756,1961,1870,7.2,85.8,61.123036944978,588,11,368,0.677889504010846,1998,39.1,1,0.83,"SocDem","Out","Presumed","Informed","No",10,"Scandiatrans",2.57,-0.58,2.27,-1.29,0,1,"Out","Y","Sweden"
"192",15,12.1,8858,1.96861943283847,25099,23525,2119,1961,7.2,85.7,59.9458116956424,571,12,355,0.677353804470535,1999,39.1,1,0.83,"SocDem","Out","Presumed","Informed","No",10,"Scandiatrans",2.57,-0.58,2.27,-1.29,0,1,"Out","Y","Sweden"
"193",15,10.9,8872,1.97173082051738,26574,25099,2243,2119,7.2,84.9,65.3742110009017,555,10,352,0.676284941388638,2000,39.1,1,0.83,"SocDem","Out","Presumed","Informed","No",10,"Scandiatrans",2.57,-0.58,2.27,-1.29,0,1,"Out","Y","Sweden"
"194",15,12.1,8896,1.97706462796693,26902,26574,2370,2243,7.5,84.9,65.535071942446,531,9,382,0.674460431654676,2001,39.1,1,0.83,"SocDem","Out","Presumed","Informed","No",10,"Scandiatrans",2.57,-0.58,2.27,-1.29,0,1,"Out","Y","Sweden"
"195",15,11,8925,1.9835096453018,27255,26902,2517,2370,7.9,85.3,62.7450980392157,507,8,412,0.672268907563025,2002,39.1,1,0.83,"SocDem","Out","Presumed","Informed","No",10,"Scandiatrans",2.57,-0.58,2.27,-1.29,0,1,"Out","Y","Sweden"
"196",15,NA,NA,NA,NA,27255,2664,2517,NA,85.3,NA,NA,NA,NA,NA,NA,39.1,1,0.83,"SocDem","Out","Presumed","Informed","No",10,"Scandiatrans",2.57,-0.58,2.27,-1.29,0,1,"Out","Y","Sweden"
"197",16,NA,6712,16.2557519980625,24648,23009,2040,1915,4.3,52.4,142.133492252682,545,13,638,1.04290822407628,NA,29.8,0,0.43,"Corporatist",NA,"Presumed","Informed","No",12,"None",-0.98,-0.94,-0.62,-0.97,0,1,NA,"N","Switzerland"
"198",16,15.6,6797,16.4616129813514,24879,24648,2220,2040,4.7,52.8,126.526408709725,507,13,637,1.02986611740474,1991,29.8,0,0.43,"Corporatist",NA,"Presumed","Informed","No",12,"None",-0.98,-0.94,-0.62,-0.97,0,1,NA,"N","Switzerland"
"199",16,14.8,6875,16.650520707193,25135,24879,2345,2220,5,53.8,121.309090909091,492,14,605,1.01818181818182,1992,29.8,0,0.43,"Corporatist",NA,"Presumed","Informed","No",12,"None",-0.98,-0.94,-0.62,-0.97,0,1,NA,"N","Switzerland"
"200",16,16.6,6938,16.8031000242189,25316,25135,2384,2345,5.1,54.3,104.20870567887,477,16,558,1.00893629287979,1993,29.8,0,0.43,"Corporatist",NA,"Presumed","Informed","No",12,"None",-0.98,-0.94,-0.62,-0.97,0,1,NA,"N","Switzerland"
"201",16,15.9,6994,16.9387260837975,25901,25316,2457,2384,5.1,54.2,97.0832141835859,466,13,562,1.0008578781813,1994,29.8,0,0.43,"Corporatist",NA,"Presumed","Informed","No",12,"None",-0.98,-0.94,-0.62,-0.97,0,1,NA,"N","Switzerland"
"202",16,13,7041,17.0525550980867,26304,25901,2555,2457,5.2,53.8,98.2814941059509,441,10,443,0.994176963499503,1995,29.8,0,0.43,"Corporatist",NA,"Presumed","Informed","No",12,"None",-0.98,-0.94,-0.62,-0.97,0,1,NA,"N","Switzerland"
"203",16,12.57,7072,17.1276338096391,26180,26304,2654,2555,5.5,54.7,87.10407239819,414,11,417,0.989819004524887,1996,29.8,0,0.43,"Corporatist",NA,"Presumed","Informed","No",12,"None",-0.98,-0.94,-0.62,-0.97,0,1,NA,"N","Switzerland"
"204",16,14.28,7089,17.1688060062969,27675,26180,2812,2654,5.6,55.2,82.8043447594865,412,14,407,0.987445337847369,1997,29.8,0,0.43,"Corporatist",NA,"Presumed","Informed","No",12,"None",-0.98,-0.94,-0.62,-0.97,0,1,NA,"N","Switzerland"
"205",16,15.43,7110,17.2196657786389,28733,27675,2967,2812,5.7,54.9,83.9662447257384,390,8,400,0.984528832630098,1998,29.8,0,0.43,"Corporatist",NA,"Presumed","Informed","No",12,"None",-0.98,-0.94,-0.62,-0.97,0,1,NA,"N","Switzerland"
"206",16,14.42,7144,17.3020101719545,28562,28733,2985,2967,5.8,55.3,81.6069428891377,381,10,387,0.979843225083987,1999,29.8,0,0.43,"Corporatist",NA,"Presumed","Informed","No",12,"None",-0.98,-0.94,-0.62,-0.97,0,1,NA,"N","Switzerland"
"207",16,14,7184,17.3988859287963,29837,28562,3111,2985,5.8,55.6,82.4053452115813,354,8,409,0.974387527839644,2000,29.8,0,0.43,"Corporatist",NA,"Presumed","Informed","No",12,"None",-0.98,-0.94,-0.62,-0.97,0,1,NA,"N","Switzerland"
"208",16,13.19,7233,17.5175587309276,30134,29837,3288,3111,6.2,57.1,75.2108392091802,327,6,431,0.967786533941656,2001,29.8,0,0.43,"Corporatist",NA,"Presumed","Informed","No",12,"None",-0.98,-0.94,-0.62,-0.97,0,1,NA,"N","Switzerland"
"209",16,10.4,7290,17.6556066844272,30725,30134,3445,3288,6.5,57.9,70.3703703703704,300,4,453,0.960219478737997,2002,29.8,0,0.43,"Corporatist",NA,"Presumed","Informed","No",12,"None",-0.98,-0.94,-0.62,-0.97,0,1,NA,"N","Switzerland"
"210",16,NA,NA,NA,NA,30725,3602,3446,NA,57.9,NA,NA,NA,NA,NA,NA,29.8,0,0.43,"Corporatist",NA,"Presumed","Informed","No",12,"None",-0.98,-0.94,-0.62,-0.97,0,1,NA,"N","Switzerland"
"211",17,NA,57238,23.5634597175909,16228,15804,977,940,5,83.6,94.3778608616653,858,7,326,0.716307348265139,NA,23.4,0,0.47,"Liberal","In","Informed","Informed","Yes",13,"UKtrans",0.26,-0.85,-0.4,-1.09,0,0,"In","Y","United Kingdom"
"212",17,14.2,57439,23.6462064138982,16729,16228,1079,977,5.4,83.3,82.7486550949703,860,7,311,0.713800727728547,1991,23.4,0,0.47,"Liberal","In","Informed","Informed","Yes",13,"UKtrans",0.26,-0.85,-0.4,-1.09,0,0,"In","Y","United Kingdom"
"213",17,14.4,57582,23.7050759540571,17110,16729,1184,1079,5.8,84.6,76.0480705776111,818,9,298,0.712028064325657,1992,23.4,0,0.47,"Liberal","In","Informed","Informed","Yes",13,"UKtrans",0.26,-0.85,-0.4,-1.09,0,0,"In","Y","United Kingdom"
"214",17,13.9,57711,23.7581820427319,17952,17110,1246,1184,5.9,85.1,68.5657846857618,759,12,288,0.710436485245447,1993,23.4,0,0.47,"Liberal","In","Informed","Informed","Yes",13,"UKtrans",0.26,-0.85,-0.4,-1.09,0,0,"In","Y","United Kingdom"
"215",17,14.2,57855,23.8174632579968,18994,17952,1331,1246,5.9,83.9,65.802437127301,721,10,283,0.708668222279838,1994,23.4,0,0.47,"Liberal","In","Informed","Informed","Yes",13,"UKtrans",0.26,-0.85,-0.4,-1.09,0,0,"In","Y","United Kingdom"
"216",17,14.4,58005,23.8792145238977,19998,18994,1393,1331,5.8,83.9,64.9081975691751,718,10,279,0.706835617619171,1995,23.4,0,0.47,"Liberal","In","Informed","Informed","Yes",13,"UKtrans",0.26,-0.85,-0.4,-1.09,0,0,"In","Y","United Kingdom"
"217",17,13.6,58139,23.9343789881026,20839,19998,1461,1393,5.8,82.9,64.5005934054593,698,9,279,0.705206487899689,1996,23.4,0,0.47,"Liberal","In","Informed","Informed","Yes",13,"UKtrans",0.26,-0.85,-0.4,-1.09,0,0,"In","Y","United Kingdom"
"218",17,13.4,58283,23.9936602033675,22442,20839,1535,1461,5.5,80.4,64.2211279446837,671,7,279,0.703464131908104,1997,23.4,0,0.47,"Liberal","In","Informed","Informed","Yes",13,"UKtrans",0.26,-0.85,-0.4,-1.09,0,0,"In","Y","United Kingdom"
"219",17,12.3,58440,24.0582931950105,23343,22442,1607,1535,5.5,80.4,61.2765229295003,660,7,274,0.701574264202601,1998,23.4,0,0.47,"Liberal","In","Informed","Informed","Yes",13,"UKtrans",0.26,-0.85,-0.4,-1.09,0,0,"In","Y","United Kingdom"
"220",17,12.1,58635,24.1385698406817,24086,23343,1725,1607,5.8,80.6,58.3781018163213,640,8,277,0.699241067621728,1999,23.4,0,0.47,"Liberal","In","Informed","Informed","Yes",13,"UKtrans",0.26,-0.85,-0.4,-1.09,0,0,"In","Y","United Kingdom"
"221",17,13.2,58817,24.2134947099749,25271,24086,1839,1725,5.9,80.9,60.8667562099393,620,9,280,0.69707737558869,2000,23.4,0,0.47,"Liberal","In","Informed","Informed","Yes",13,"UKtrans",0.26,-0.85,-0.4,-1.09,0,0,"In","Y","United Kingdom"
"222",17,13.2,59051,24.3098266847804,26720,25271,2012,1839,6.2,83,60.9303822119862,600,10,283,0.694315083571828,2001,23.4,0,0.47,"Liberal","In","Informed","Informed","Yes",13,"UKtrans",0.26,-0.85,-0.4,-1.09,0,0,"In","Y","United Kingdom"
"223",17,13,59232,24.3843398789675,27959,26720,2160,2012,6.4,83.4,60.4571853052404,580,11,286,0.692193408968125,2002,23.4,0,0.47,"Liberal","In","Informed","Informed","Yes",13,"UKtrans",0.26,-0.85,-0.4,-1.09,0,0,"In","Y","United Kingdom"
"224",17,NA,NA,NA,NA,27959,2308,2160,NA,83.4,NA,NA,NA,NA,NA,NA,23.4,0,0.47,"Liberal","In","Informed","Informed","Yes",13,"UKtrans",0.26,-0.85,-0.4,-1.09,0,0,"In","Y","United Kingdom"
"225",18,NA,249623,2.59238411937161,23038,22039,2738,2475,4.7,39.6,178.665427464617,474,97,576,1.09765526413832,NA,13.8,0,0.18,"Liberal","In","Informed","Informed","Yes",14,"None",-1.23,-0.85,-1.24,-1.43,0,0,"In","N","United States"
"226",18,17.89,252981,2.62725761209003,23443,23038,2957,2738,5.2,41.2,164.075562986944,457,103,565,1.08308529099023,1991,13.8,0,0.18,"Liberal","In","Informed","Informed","Yes",14,"None",-1.23,-0.85,-1.24,-1.43,0,0,"In","N","United States"
"227",18,17.62,256514,2.66394851434559,24411,23443,3165,2957,5.5,42.4,153.01309090342,447,99,545,1.06816781930031,1992,13.8,0,0.18,"Liberal","In","Informed","Informed","Yes",14,"None",-1.23,-0.85,-1.24,-1.43,0,0,"In","N","United States"
"228",18,18.7,259919,2.6993101113397,25327,24411,3357,3165,5.7,43.1,154.471200643277,454,101,559,1.05417456976981,1993,13.8,0,0.18,"Liberal","In","Informed","Informed","Yes",14,"None",-1.23,-0.85,-1.24,-1.43,0,0,"In","N","United States"
"229",18,19.38,263126,2.7326154392575,26578,25327,3500,3357,5.9,44.8,154.739554433997,453,96,553,1.0413262087365,1994,13.8,0,0.18,"Liberal","In","Informed","Informed","Yes",14,"None",-1.23,-0.85,-1.24,-1.43,0,0,"In","N","United States"
"230",18,20.14,266278,2.76534958132077,27559,26578,3655,3500,6,45.3,157.042639647286,457,88,546,1.02899976716064,1995,13.8,0,0.18,"Liberal","In","Informed","Informed","Yes",14,"None",-1.23,-0.85,-1.24,-1.43,0,0,"In","N","United States"
"231",18,20.1,269394,2.79770985627925,28772,27559,3792,3655,6,45.6,156.146759022101,452,80,535,1.01709763394879,1996,13.8,0,0.18,"Liberal","In","Informed","Informed","Yes",14,"None",-1.23,-0.85,-1.24,-1.43,0,0,"In","N","United States"
"232",18,20.09,272647,2.83149290327539,30283,28772,3939,3792,5.9,45.3,154.093021379293,443,75,526,1.00496246061758,1997,13.8,0,0.18,"Liberal","In","Informed","Informed","Yes",14,"None",-1.23,-0.85,-1.24,-1.43,0,0,"In","N","United States"
"233",18,21,275854,2.86479823119319,31612,30283,4096,3939,5.8,44.5,150.445525531622,428,68,519,0.993279053412312,1998,13.8,0,0.18,"Liberal","In","Informed","Informed","Yes",14,"None",-1.23,-0.85,-1.24,-1.43,0,0,"In","N","United States"
"234",18,20.87,279040,2.89788546996653,33016,31612,4298,4096,5.8,44.3,149.50186353211,440,64,514,0.981938073394495,1999,13.8,0,0.18,"Liberal","In","Informed","Informed","Yes",14,"None",-1.23,-0.85,-1.24,-1.43,0,0,"In","N","United States"
"235",18,21.21,282224,2.93095193834516,34590,33016,4538,4298,5.8,44.4,148.623079539656,432,61,499,0.970860026078576,2000,13.8,0,0.18,"Liberal","In","Informed","Informed","Yes",14,"None",-1.23,-0.85,-1.24,-1.43,0,0,"In","N","United States"
"236",18,21.31,285318,2.96308373896183,35118,34590,4869,4538,6.2,44.9,147.891124990362,424,58,484,0.960331980456894,2001,13.8,0,0.18,"Liberal","In","Informed","Informed","Yes",14,"None",-1.23,-0.85,-1.24,-1.43,0,0,"In","N","United States"
"237",18,21.47,288369,2.99476897609224,36006,35118,5267,4869,6.6,44.9,148.472963460011,416,55,469,0.950171481677989,2002,13.8,0,0.18,"Liberal","In","Informed","Informed","Yes",14,"None",-1.23,-0.85,-1.24,-1.43,0,0,"In","N","United States"
"238",18,NA,NA,NA,NA,36006,5665,5267,NA,44.9,NA,NA,NA,NA,NA,NA,13.8,0,0.18,"Liberal","In","Informed","Informed","Yes",14,"None",-1.23,-0.85,-1.24,-1.43,0,0,"In","N","United States"
